promo,avg_sales
0,4406.05080516079
1,7991.1520459699
