dayofweek,avg_sales
1,7809.04451046777
2,7005.24446671793
3,6555.88413826245
4,6247.57591278412
5,6723.27430491275
6,5847.56259932288
7,204.183189387135
